{
    "loss": 0.13833560049533844,
    "accuracy": 0.9856114983558655
}