{
    "loss": 0.15923230350017548,
    "accuracy": 0.935251772403717
}